Región,Total vendido,Proporción (%)
Norte,$102.51591142 M,23.90289354937427
Este,$106.24389855 M,24.772121343260345
Sur,$106.99786661 M,24.947918622221007
Oeste,$113.12726660999999 M,26.37706648514438
